{
  "version": "2024.2",
  "applications": [],
  "platforms": [],
  "systems": [
    {
      "name": "ben10_system",
      "platform": "C:/VitisWorkspace/ultimateben10/export/ultimateben10/ultimateben10.xpfm",
      "sysConfig": "ultimateben10",
      "buildConfig": "Debug",
      "applications": [
        {
          "name": "ben10",
          "platform": "C:/VitisWorkspace/ultimateben10/export/ultimateben10/ultimateben10.xpfm",
          "platformPath": "C:\\VitisWorkspace\\ultimateben10\\export\\ultimateben10",
          "sysConfig": "ultimateben10",
          "domain": "standalone_domain",
          "system": "ben10_system"
        }
      ],
      "platformPath": "C:\\VitisWorkspace\\ultimateben10\\export\\ultimateben10"
    }
  ],
  "others": []
}